<?xml version="1.0"?>
<!DOCTYPE look-and-feel PUBLIC "-//Liferay//DTD Look and Feel 7.3.0//EN" "http://www.liferay.com/dtd/liferay-look-and-feel_7_3_0.dtd">

<look-and-feel>
	<compatibility>
		<version>7.3.0+</version>
	</compatibility>
	<theme id="porvenir-web-theme" name="porvenir-web-theme">
		<template-extension>ftl</template-extension>
		<settings>
		    <setting configurable="true" key="top-menu" type="text" value="menutop" />
	    	<setting configurable="true" key="footer-url" type="text" value="footer" />
			<setting configurable="true" key="url-mobile-logo" type="text" value="/o/porvenir-web-theme/images/header/brand-mobile.png" />
			<setting configurable="true" key="activar-datalayer-logo" options="true,false" type="select" value="false" />
			<setting configurable="true" key="data-layer-logo" type="textarea" value="{'event': 'Menú ZPn','canal': 'Zpn','flujo': 'M','nivelpr': 'Logo','nivelsec': 'Afi / Req / Ben Prod / Afi ED / Afi Ind / Afi Emp'}"></setting>
			<setting configurable="true" key="spanish-name-login" type="text" value="Iniciar sesión" />
			<setting configurable="true" key="english-name-login" type="text" value="Sign in" />
			<setting configurable="true" key="login-url" type="text" value="https://transacciones.porvenir.com.co/Personas/Paginas/default.aspx" />
			<setting configurable="true" key="activar-datalayer-login" options="true,false" type="select" value="false" />
			<setting configurable="true" key="data-layer-login" type="textarea" value="{'event': 'Menú ZPn','canal': 'Zpn','flujo': 'M','nivelpr': 'Login','nivelsec': 'Afi / Req / Ben Prod / Afi ED / Afi Ind / Afi Emp'}"></setting>
		</settings>
		<portlet-decorator id="barebone" name="Barebone">
			<default-portlet-decorator>true</default-portlet-decorator>
			<portlet-decorator-css-class>portlet-barebone</portlet-decorator-css-class>
		</portlet-decorator>
		<portlet-decorator id="borderless" name="Borderless">
			<portlet-decorator-css-class>portlet-borderless</portlet-decorator-css-class>
		</portlet-decorator>
		<portlet-decorator id="decorate" name="Decorate">
			<portlet-decorator-css-class>portlet-decorate</portlet-decorator-css-class>
		</portlet-decorator>
	</theme>
</look-and-feel>
