{
    "frontendTokenCategories": [
        {
            "frontendTokenSets": [
                {
                    "frontendTokens": [

                        {
                            "defaultValue": "#fc802a",
                            "editorType": "ColorPicker",
                            "label": "Color por defecto",
                            "mappings": [
                                {
                                    "type": "cssVariable",
                                    "value": "color-orange-300"
                                }
                            ],
                            "name": "color-orange-300",
                            "type": "String"
                        },
                        {
                            "defaultValue": "#fb6903",
                            "editorType": "ColorPicker",
                            "label": "Color hover",
                            "mappings": [
                                {
                                    "type": "cssVariable",
                                    "value": "color-orange-400"
                                }
                            ],
                            "name": "color-orange-400",
                            "type": "String"
                        }

                    ],
                    "label": "Botones primarios",
                    "name": "primary-buttons"
                }
            ],
            "label": "botones",
            "name": "buttons"
        }
    ]
}
